ID,h:m:s,d:m:s,10-2arcsec/yr,10-2arcsec/yr,10-2arcsec/yr,10-2arcsec/yr,mag,mag,mag,%,h:m:s,d:m:s
1,02 37 22.86,+42 29 40.5,0.85,1.77,0.04,0.09,14.38,     ,     ,0,02 40 35.89,+42 42 30.9
2,02 37 22.94,+42 29 17.8,0.12,0.49,0.21,0.08,15.79,0.53,0.38,0,02 40 35.97,+42 42 08.2
3,02 37 23.68,+42 35 09.5,-0.39,0.2,0.26,0.22,15.62,     ,     ,1,02 40 36.84,+42 47 59.9
4,02 37 25.23,+42 28 41.7,4.16,1.12,0.02,0.02,13.79,     ,     ,0,02 40 38.25,+42 41 32.0
5,02 37 26.78,+42 34 20.0,0.12,0.61,0.19,0.12,14.94,     ,     ,0,02 40 39.93,+42 47 10.2
6,02 37 26.94,+42 26 39.1,0.43,0.14,0.02,0.02,13.16,     ,     ,0,02 40 39.92,+42 39 29.3
7,02 37 27.92,+42 31 57.7,0.66,0.75,0.26,0.2,15.76,     ,     ,0,02 40 41.02,+42 44 47.9
8,02 37 29.51,+42 36 36.3,-0.77,0.84,0.09,0.07,14.6,     ,     ,0,02 40 42.73,+42 49 26.4
9,02 37 30.25,+42 36 24.5,-0.63,-0.17,0.32,0.11,16.06,     ,     ,0,02 40 43.46,+42 49 14.6
10,02 37 30.70,+42 27 06.4,-0.25,0.12,0.05,0.04,13.87,0.57,0.49,0,02 40 43.70,+42 39 56.5
11,02 37 32.73,+42 27 14.9,-0.3,0.22,0.05,0.05,14.09,0.51,0.43,0,02 40 45.74,+42 40 04.9
12,02 37 32.99,+42 29 38.3,-0.27,0.05,0.23,0.35,15.61,0.66,0.62,13,02 40 46.06,+42 42 28.3
13,02 37 34.10,+42 38 37.3,2.5,-2.6,0.05,0.06,14.7,     ,     ,0,02 40 47.38,+42 51 27.2
14,02 37 34.76,+42 34 52.3,-0.05,0.81,0.2,0.18,15.16,1,0.93,0,02 40 47.95,+42 47 42.2
15,02 37 36.01,+42 34 58.6,0.56,0.58,0.13,0.24,15.81,0.85,0.75,0,02 40 49.21,+42 47 48.4
16,02 37 36.24,+42 38 21.5,-0.89,0.3,0.04,0.05,14.02,     ,     ,0,02 40 49.52,+42 51 11.3
17,02 37 36.30,+42 30 05.7,-0.07,-0.01,0.05,0.04,11.55,0.51,0.56,99,02 40 49.39,+42 42 55.5
18,02 37 36.42,+42 34 06.2,-0.1,-0.17,0.38,0.1,15.66,1.1,1.09,36,02 40 49.60,+42 46 56.0
19,02 37 38.08,+42 36 31.3,-0.3,0.45,0.19,0.12,15.52,     ,     ,0,02 40 51.32,+42 49 21.0
20,02 37 38.64,+42 29 16.9,-0.73,1.21,0.06,0.04,14.12,     ,     ,0,02 40 51.72,+42 42 06.6
21,02 37 38.97,+42 41 48.4,-0.28,0.51,0.03,0.03,12.79,     ,     ,0,02 40 52.34,+42 54 38.1
22,02 37 39.17,+42 28 49.1,-0.02,-0.02,0.03,0.02,12.35,     ,     ,99,02 40 52.24,+42 41 38.8
23,02 37 40.33,+42 26 28.7,-0.53,-0.16,0.25,0.24,15.56,     ,     ,0,02 40 53.35,+42 39 18.3
24,02 37 40.84,+42 32 29.2,-0.1,0.34,0.07,0.05,14.83,     ,     ,0,02 40 54.00,+42 45 18.8
25,02 37 42.87,+42 33 30.9,-0.44,0.38,0.19,0.16,14.97,     ,     ,0,02 40 56.06,+42 46 20.4
26,02 37 43.08,+42 42 19.4,-0.64,0.7,0.16,0.21,15.14,     ,     ,0,02 40 56.47,+42 55 08.9
27,02 37 43.73,+42 34 58.8,0.45,0.48,0.03,0.02,12.58,     ,     ,0,02 40 56.96,+42 47 48.2
28,02 37 44.17,+42 33 37.6,-0.04,0.5,0.05,0.03,14.1,     ,     ,0,02 40 57.37,+42 46 27.0
29,02 37 44.17,+42 27 33.2,0.55,1.02,0.08,0.05,14.98,     ,     ,0,02 40 57.23,+42 40 22.6
30,02 37 44.26,+42 33 46.2,-0.28,0.32,0.16,0.16,15.19,     ,     ,0,02 40 57.46,+42 46 35.6
31,02 37 44.69,+42 33 57.3,0.85,-0.39,0.02,0.02,12.5,     ,     ,0,02 40 57.90,+42 46 46.7
32,02 37 44.81,+42 34 11.6,-0.36,0.26,0.33,0.25,15.84,     ,     ,1,02 40 58.02,+42 47 01.0
33,02 37 44.94,+42 26 08.7,-0.14,0.29,0.04,0.03,14.34,     ,     ,0,02 40 57.97,+42 38 58.1
34,02 37 45.15,+42 30 03.0,0.42,-0.13,0.37,0.14,15.3,     ,     ,0,02 40 58.27,+42 42 52.4
35,02 37 45.89,+42 36 28.5,1.33,-1.52,0.04,0.03,11.38,     ,     ,0,02 40 59.16,+42 49 17.8
36,02 37 46.88,+42 24 49.3,-0.42,0.1,0.2,0.19,15.86,0.45,0.48,1,02 40 59.88,+42 37 38.6
37,02 37 46.90,+42 32 01.0,-0.01,0.59,0.31,0.19,15.61,0.43,0.56,0,02 41 00.07,+42 44 50.3
38,02 37 47.19,+42 36 54.6,0.47,0.62,0.31,0.25,16.21,0.77,0.43,0,02 41 00.47,+42 49 43.9
39,02 37 47.26,+42 21 02.3,-0.67,-0.16,0.03,0.04,13.86,     ,     ,0,02 41 00.18,+42 33 51.6
40,02 37 47.52,+42 35 39.5,0.08,-0.22,0.25,0.14,15.97,0.66,0.61,35,02 41 00.78,+42 48 28.8
41,02 37 47.58,+42 39 58.2,-0.29,0.27,0.18,0.12,15.02,0.77,0.93,0,02 41 00.94,+42 52 47.5
42,02 37 48.72,+42 29 43.3,0.05,-0.02,0.14,0.16,15.1,1.02,0.88,76,02 41 01.84,+42 42 32.5
43,02 37 50.13,+42 45 16.1,-0.59,0.22,0.24,0.16,15.62,     ,     ,0,02 41 03.62,+42 58 05.2
44,02 37 50.30,+42 25 03.1,-0.31,-0.07,0.04,0.08,14.96,0.71,0.54,0,02 41 03.32,+42 37 52.2
45,02 37 50.32,+42 30 13.5,0.28,0.34,0.19,0.15,15.39,0.79,0.63,0,02 41 03.46,+42 43 02.6
46,02 37 51.21,+42 39 03.8,-0.47,0.7,0.08,0.09,15.18,0.58,0.62,0,02 41 04.56,+42 51 52.9
47,02 37 51.41,+42 37 43.5,0.02,0.55,0.26,0.11,16.24,0.21,0.37,0,02 41 04.73,+42 50 32.6
48,02 37 51.59,+42 32 23.8,-0.28,0.88,0.19,0.26,15.54,0.42,0.5,0,02 41 04.78,+42 45 12.9
49,02 37 51.63,+42 43 55.0,-0.23,0.26,0.12,0.05,14.59,     ,     ,0,02 41 05.09,+42 56 44.1
50,02 37 51.69,+42 34 03.4,-0.11,0.08,0.02,0.02,13.66,0.01,0.86,4,02 41 04.92,+42 46 52.5
51,02 37 51.83,+42 39 50.2,-0.04,0,0.05,0.02,11.94,0.42,0.4,99,02 41 05.20,+42 52 39.3
52,02 37 52.92,+42 33 32.9,0.03,0.18,0.42,0.11,16.08,0.34,1.56,26,02 41 06.15,+42 46 21.9
53,02 37 53.26,+42 27 11.7,-0.03,0.03,0.04,0.04,10.91,0.25,0.14,99,02 41 06.34,+42 40 00.7
54,02 37 53.83,+42 41 10.8,-0.67,0.65,0.14,0.25,15.44,     ,     ,0,02 41 07.24,+42 53 59.8
55,02 37 54.07,+42 30 12.6,-0.2,0.61,0.45,0.26,16.51,0.69,0.55,0,02 41 07.22,+42 43 01.6
56,02 37 54.51,+42 29 04.1,0.93,0.32,0.03,0.03,12.26,     ,     ,0,02 41 07.64,+42 41 53.0
57,02 37 54.73,+42 44 13.8,-0.43,0.37,0.39,0.32,15.87,     ,     ,0,02 41 08.21,+42 57 02.7
58,02 37 54.76,+42 36 54.0,-0.26,0.51,0.2,0.16,15.77,0.48,0.62,0,02 41 08.07,+42 49 42.9
59,02 37 55.21,+42 38 39.9,-0.08,0.02,0.02,0.05,11.7,0.44,0.33,98,02 41 08.56,+42 51 28.8
60,02 37 55.22,+42 35 42.8,0.63,0.96,0.34,0.26,16.56,0.62,0.45,0,02 41 08.50,+42 48 31.7
61,02 37 55.36,+42 41 28.9,-0.02,0,0.22,0.16,16.07,0.63,0.79,47,02 41 08.78,+42 54 17.8
62,02 37 55.94,+42 20 48.5,0.16,0.69,0.08,0.07,14.71,0.52,0.41,0,02 41 08.88,+42 33 37.4
63,02 37 55.99,+42 38 29.1,0.18,0.35,0.08,0.1,16.01,0.95,0.77,3,02 41 09.34,+42 51 18.0
64,02 37 56.47,+42 31 27.7,-0.45,0.01,0.28,0.61,16.25,0.44,0.54,1,02 41 09.66,+42 44 16.6
65,02 37 56.64,+42 33 05.4,0.02,0.02,0.02,0.02,12.88,-0.11,0.75,99,02 41 09.87,+42 45 54.2
66,02 37 57.11,+42 24 06.9,0.04,0.39,0.08,0.08,14.45,0.62,0.55,0,02 41 10.13,+42 36 55.7
67,02 37 58.20,+42 32 59.9,2.43,0.52,0.03,0.01,13.28,     ,     ,0,02 41 11.43,+42 45 48.7
68,02 37 58.43,+42 43 59.5,0.03,0.47,0.13,0.13,14.97,     ,     ,0,02 41 11.92,+42 56 48.3
69,02 37 58.45,+42 27 45.9,0.01,0.03,0.06,0.03,10.43,     ,     ,99,02 41 11.56,+42 40 34.7
70,02 37 59.53,+42 37 31.2,-1.36,0.27,0.32,0.27,15.94,     ,     ,0,02 41 12.87,+42 50 19.9
71,02 37 59.72,+42 35 45.9,0.22,0.45,0.25,0.2,15.83,0.87,0.86,0,02 41 13.02,+42 48 34.6
72,02 37 59.73,+42 40 47.8,0.05,0.43,0.04,0.04,14.43,0.48,0.54,0,02 41 13.15,+42 53 36.5
73,02 38 00.16,+42 46 52.6,-1.86,1.1,0.02,0.02,12.31,     ,     ,0,02 41 13.72,+42 59 41.3
74,02 38 00.19,+42 18 58.4,-0.15,0.54,0.34,0.16,15.37,     ,     ,0,02 41 13.11,+42 31 47.1
75,02 38 00.43,+42 20 08.5,-0.06,0.22,0.18,0.24,15.54,0.66,0.53,17,02 41 13.37,+42 32 57.2
76,02 38 00.72,+42 45 58.3,-0.31,0.69,0.02,0.01,11.74,     ,     ,0,02 41 14.26,+42 58 46.9
77,02 38 00.77,+42 44 56.7,0.11,0.61,0.17,0.12,15.2,     ,     ,0,02 41 14.29,+42 57 45.3
78,02 38 00.85,+42 20 47.7,-0.04,0.24,0.07,0.05,14.87,0.47,0.39,0,02 41 13.81,+42 33 36.4
79,02 38 01.43,+42 27 22.9,0.08,-0.1,0.03,0.02,13.49,0.57,0.48,50,02 41 14.54,+42 40 11.5
80,02 38 02.39,+42 37 57.7,0.14,0.04,0.33,0.12,15.52,0.55,0.38,38,02 41 15.75,+42 50 46.3
81,02 38 03.39,+42 42 20.4,-4.27,-1.61,0.03,0.03,13.08,     ,     ,0,02 41 16.86,+42 55 08.9
82,02 38 03.47,+42 22 21.7,-0.7,0.38,0.22,0.15,15.84,     ,     ,0,02 41 16.47,+42 35 10.2
83,02 38 03.68,+42 26 34.5,-0.54,0.3,0.24,0.2,15.99,0.34,0.51,0,02 41 16.78,+42 39 23.0
84,02 38 03.84,+42 46 05.4,0.19,0.29,0.03,0.05,10.9,     ,     ,0,02 41 17.39,+42 58 53.9
85,02 38 03.87,+42 37 58.3,-0.32,-0.37,0.17,0.09,15.08,0.8,0.71,0,02 41 17.24,+42 50 46.8
86,02 38 04.32,+42 29 24.6,0.14,0.33,0.67,0.21,16.18,0.61,0.51,4,02 41 17.49,+42 42 13.1
87,02 38 04.33,+42 30 44.1,0.01,0.05,0.04,0.05,10.46,0.18,0,99,02 41 17.53,+42 43 32.6
88,02 38 04.39,+42 31 27.9,0.03,0.33,0.07,0.05,14.6,1.07,1.09,0,02 41 17.61,+42 44 16.4
89,02 38 04.68,+42 21 28.6,0.47,-0.05,0.03,0.02,13.57,     ,     ,0,02 41 17.67,+42 34 17.1
90,02 38 05.41,+42 47 28.6,4.25,-3.06,0.38,0.22,15.94,     ,     ,0,02 41 19.00,+43 00 17.0
91,02 38 05.58,+42 19 41.4,-0.19,0.37,0.46,0.4,15.3,0.49,0.51,0,02 41 18.53,+42 32 29.8
92,02 38 05.69,+42 42 43.3,0.35,0.55,0.27,0.29,15.8,0.81,0.63,0,02 41 19.17,+42 55 31.7
93,02 38 06.20,+42 39 13.5,-0.67,0.35,0.04,0.04,14.13,     ,     ,0,02 41 19.60,+42 52 01.9
94,02 38 06.31,+42 46 03.8,-0.32,0.47,0.21,0.2,15.5,0.83,0.58,0,02 41 19.87,+42 58 52.2
95,02 38 06.40,+42 28 22.0,-0.27,0.95,0.14,0.15,15.93,0.54,0.4,0,02 41 19.55,+42 41 10.4
96,02 38 06.82,+42 28 09.2,-0.7,0.13,0.44,0.28,16.56,0.56,0.62,0,02 41 19.97,+42 40 57.6
97,02 38 06.96,+42 47 09.3,-0.1,0.13,0.03,0.03,12.3,0.5,0.43,16,02 41 20.55,+42 59 57.7
98,02 38 07.09,+42 33 18.0,-0.56,0.29,0.06,0.06,14.98,     ,     ,0,02 41 20.36,+42 46 06.4
99,02 38 07.36,+42 36 19.4,0.76,0.54,0.02,0.03,11.76,     ,     ,0,02 41 20.70,+42 49 07.7
100,02 38 07.44,+42 39 52.9,-0.03,0,0.03,0.05,10.3,0.16,-0.02,99,02 41 20.86,+42 52 41.2
101,02 38 07.75,+42 18 35.9,-1.13,0.3,0.03,0.02,13.03,     ,     ,0,02 41 20.68,+42 31 24.2
102,02 38 07.89,+42 25 05.9,0.34,0.12,0.16,0.15,15.48,0.49,0.49,0,02 41 20.97,+42 37 54.2
103,02 38 07.89,+42 46 31.5,-0.76,-0.21,0.02,0.02,13.12,     ,     ,0,02 41 21.47,+42 59 19.8
104,02 38 08.02,+42 38 21.1,-0.34,0.9,0.53,0.35,16.04,0.51,0.48,0,02 41 21.41,+42 51 09.4
105,02 38 08.33,+42 22 56.8,0.21,0.03,0.1,0.09,15.16,0.98,0.89,10,02 41 21.36,+42 35 45.1
106,02 38 08.78,+42 34 50.9,0.71,-0.11,0.18,0.09,14.77,     ,     ,0,02 41 22.09,+42 47 39.2
107,02 38 08.80,+42 18 14.1,0.61,1.45,0.3,0.24,15.55,     ,     ,0,02 41 21.73,+42 31 02.4
108,02 38 09.07,+42 19 48.0,-0.98,0.54,0.16,0.16,15.25,     ,     ,0,02 41 22.03,+42 32 36.3
109,02 38 09.33,+42 45 33.7,-1.04,0.31,0.21,0.15,14.89,     ,     ,0,02 41 22.89,+42 58 21.9
110,02 38 09.55,+42 19 54.3,0.41,0.34,0.04,0.02,12.19,     ,     ,0,02 41 22.52,+42 32 42.5
111,02 38 09.71,+42 28 22.4,0.13,0.11,0.16,0.2,15.83,0.51,0.63,32,02 41 22.87,+42 41 10.6
112,02 38 09.74,+42 43 37.7,0.14,0.69,0.03,0.02,13.7,     ,     ,0,02 41 23.26,+42 56 25.9
113,02 38 09.92,+42 27 28.6,-0.02,-0.05,0.24,0.1,14.86,0.88,0.91,84,02 41 23.06,+42 40 16.8
114,02 38 10.02,+42 45 48.7,0.14,-0.07,0.02,0.03,12.16,0.66,0.6,50,02 41 23.59,+42 58 36.9
115,02 38 10.66,+42 36 15.6,-0.03,-0.07,0.04,0.09,10.15,0.18,-0.06,99,02 41 24.01,+42 49 03.8
116,02 38 10.77,+42 18 08.3,0.16,0.6,0.06,0.05,14.87,0.97,0.99,0,02 41 23.70,+42 30 56.5
117,02 38 10.84,+42 35 31.2,-0.14,0.18,0.08,0.07,14.59,1.41,0.71,0,02 41 24.17,+42 48 19.4
118,02 38 10.85,+42 41 29.6,0.07,-0.02,0.08,0.04,14.32,0.54,0.51,93,02 41 24.32,+42 54 17.8
119,02 38 10.88,+42 42 35.3,-0.36,0.34,0.62,0.37,16.07,0.58,0.61,0,02 41 24.38,+42 55 23.5
120,02 38 11.21,+42 35 37.3,0.61,0.92,0.12,0.07,14.87,     ,     ,0,02 41 24.55,+42 48 25.5
121,02 38 11.80,+42 42 35.8,-0.47,0.59,0.04,0.06,14.31,     ,     ,0,02 41 25.30,+42 55 23.9
122,02 38 12.24,+42 37 46.0,0.48,-0.16,0.04,0.05,10.14,     ,     ,0,02 41 25.63,+42 50 34.1
123,02 38 12.61,+42 29 53.9,-0.08,0.62,0.05,0.05,14.31,0.93,0.86,0,02 41 25.82,+42 42 42.0
124,02 38 12.91,+42 35 25.7,-0.01,0.02,0.01,0.01,13.35,0.64,0.58,98,02 41 26.25,+42 48 13.8
125,02 38 13.08,+42 22 16.9,0.31,-0.14,0.17,0.22,15.58,0.52,0.58,14,02 41 26.12,+42 35 05.0
126,02 38 13.09,+42 33 34.7,0.04,0.54,0.05,0.03,14.22,1.14,1.07,0,02 41 26.39,+42 46 22.8
127,02 38 13.60,+42 25 20.5,0.8,0.57,0.17,0.27,15.68,     ,     ,0,02 41 26.71,+42 38 08.6
128,02 38 13.81,+42 35 25.5,0.59,0.49,0.2,0.2,15.27,     ,     ,0,02 41 27.15,+42 48 13.5
129,02 38 13.93,+42 30 54.9,-0.65,0.29,0.17,0.14,15.15,     ,     ,0,02 41 27.17,+42 43 42.9
130,02 38 14.20,+42 21 08.7,-0.06,0.46,0.25,0.15,15.4,0.9,0.93,0,02 41 27.21,+42 33 56.7
131,02 38 14.57,+42 22 54.9,-0.66,0.01,0.31,0.11,14.77,     ,     ,0,02 41 27.62,+42 35 42.9
132,02 38 14.88,+42 46 08.2,-0.47,0.82,0.22,0.18,15.84,     ,     ,0,02 41 28.47,+42 58 56.2
133,02 38 14.98,+42 25 49.9,0.06,0.03,0.03,0.03,13.69,0.66,0.68,96,02 41 28.10,+42 38 37.9
134,02 38 15.47,+42 18 38.3,0.13,0.82,0.14,0.13,14.88,0.98,0.84,0,02 41 28.43,+42 31 26.3
135,02 38 15.61,+42 24 23.2,-0.05,0.67,0.21,0.3,15.61,0.55,0.46,0,02 41 28.70,+42 37 11.2
136,02 38 15.66,+42 27 02.4,-0.26,0.14,0.06,0.07,14.66,0.57,0.5,0,02 41 28.81,+42 39 50.4
137,02 38 15.68,+42 20 50.5,0,0.07,0.04,0.03,10.62,0.33,0.25,99,02 41 28.69,+42 33 38.5
138,02 38 15.75,+42 40 06.7,-0.38,0.71,0.28,0.09,14.9,     ,     ,0,02 41 29.21,+42 52 54.6
139,02 38 15.95,+42 24 15.1,-0.12,0.3,0.33,0.13,15.59,0.83,0.77,6,02 41 29.04,+42 37 03.0
140,02 38 16.03,+42 32 24.4,-0.37,0.65,0.03,0.02,13.12,     ,     ,0,02 41 29.31,+42 45 12.3
141,02 38 16.96,+42 30 22.8,-0.59,0.37,0.04,0.03,14.11,     ,     ,0,02 41 30.20,+42 43 10.7
142,02 38 18.15,+42 36 33.7,-0.01,0.72,0.23,0.57,16.13,0.58,0.48,0,02 41 31.53,+42 49 21.5
143,02 38 18.39,+42 40 24.6,-0.28,0.3,0.03,0.04,14.2,0.56,0.5,0,02 41 31.86,+42 53 12.4
144,02 38 18.68,+42 20 44.3,-0.06,0.95,0.29,0.13,16.06,0.74,0.64,0,02 41 31.70,+42 33 32.1
145,02 38 18.96,+42 41 54.9,-0.13,0.06,0.38,0.14,15.84,0.97,0.87,32,02 41 32.47,+42 54 42.7
146,02 38 19.65,+42 23 55.0,0.05,-0.01,0.02,0.02,12.32,0.56,0.48,99,02 41 32.75,+42 36 42.8
147,02 38 20.08,+42 46 03.0,1.05,-0.53,0.16,0.16,15.34,     ,     ,0,02 41 33.69,+42 58 50.7
148,02 38 20.18,+42 29 24.9,-0.12,-0.03,0.03,0.02,13.92,0.75,0.68,5,02 41 33.40,+42 42 12.6
149,02 38 20.36,+42 29 59.7,0.03,0.71,0.02,0.01,12.33,     ,     ,0,02 41 33.60,+42 42 47.4
150,02 38 20.56,+42 19 35.3,-0.04,0.01,0.02,0.02,12.21,0.6,0.53,99,02 41 33.56,+42 32 23.0
151,02 38 20.89,+42 39 42.8,0.36,0.19,0.07,0.04,14.72,0.71,0.71,0,02 41 34.35,+42 52 30.5
152,02 38 20.95,+42 30 18.9,-0.68,-0.1,0.38,0.31,16.25,0.91,0.88,0,02 41 34.20,+42 43 06.6
153,02 38 20.97,+42 29 13.4,1.2,-0.94,0.02,0.02,13.08,     ,     ,0,02 41 34.19,+42 42 01.1
154,02 38 21.25,+42 39 17.3,0.36,-0.18,0.4,0.15,15.92,1.31,1.18,7,02 41 34.71,+42 52 05.0
155,02 38 21.28,+42 33 05.1,0.08,0.01,0.02,0.01,12.95,0.59,0.52,95,02 41 34.59,+42 45 52.8
156,02 38 21.58,+42 44 19.1,-0.01,-0.02,0.01,0.02,11.82,0.56,0.46,99,02 41 35.15,+42 57 06.8
157,02 38 21.76,+42 44 52.8,-0.13,-0.18,0.29,0.14,15.95,1.39,1.15,31,02 41 35.35,+42 57 40.5
158,02 38 22.01,+42 28 15.6,0.03,0.04,0.09,0.03,14.59,0.84,0.89,86,02 41 35.21,+42 41 03.3
159,02 38 22.02,+42 20 44.0,-0.14,-0.22,0.04,0.04,14.07,0.91,0.86,0,02 41 35.05,+42 33 31.7
160,02 38 22.10,+42 30 14.3,0.15,0.54,0.12,0.06,14.81,0.52,0.43,0,02 41 35.35,+42 43 02.0
161,02 38 22.25,+42 18 16.5,-0.14,0.57,0.19,0.22,14.99,0.54,0.51,0,02 41 35.22,+42 31 04.2
162,02 38 22.58,+42 24 25.5,0.44,0.7,0.05,0.04,14.38,     ,     ,0,02 41 35.70,+42 37 13.1
163,02 38 22.68,+42 25 33.6,1.68,-0.1,0.12,0.17,15.13,     ,     ,0,02 41 35.82,+42 38 21.2
164,02 38 22.73,+42 43 58.0,-0.04,0.91,0.05,0.04,14.21,0.59,0.52,0,02 41 36.30,+42 56 45.6
165,02 38 22.97,+42 21 47.5,0.01,0.01,0.02,0.02,12.83,0.62,0.62,99,02 41 36.03,+42 34 35.1
166,02 38 23.11,+42 18 16.0,-0.78,0.13,0.02,0.02,12.52,     ,     ,0,02 41 36.09,+42 31 03.6
167,02 38 23.16,+42 37 33.3,-0.09,-0.12,0.07,0.09,14.53,0.87,0.8,44,02 41 36.58,+42 50 20.9
168,02 38 23.19,+42 32 19.6,-0.33,-0.02,0.28,0.31,15.92,0.85,0.77,7,02 41 36.49,+42 45 07.2
169,02 38 23.38,+42 34 31.0,-0.24,0.4,0.06,0.05,14.51,0.67,0.56,0,02 41 36.73,+42 47 18.6
170,02 38 23.51,+42 29 06.4,-0.3,0.75,0.07,0.09,15.12,0.92,0.87,0,02 41 36.74,+42 41 54.0
171,02 38 23.77,+42 46 52.9,-0.03,0.17,0.04,0.03,13.99,0.79,0.4,3,02 41 37.41,+42 59 40.5
172,02 38 23.93,+42 44 35.0,-0.06,0.37,0.28,0.12,15.71,1.15,1.12,3,02 41 37.52,+42 57 22.6
173,02 38 24.11,+42 21 28.3,1.65,-0.41,0.17,0.23,16.08,     ,     ,0,02 41 37.16,+42 34 15.9
174,02 38 24.63,+42 42 56.2,0.21,1.02,0.25,0.29,16.03,     ,     ,0,02 41 38.18,+42 55 43.7
175,02 38 24.67,+42 32 00.2,-0.28,0.24,0.25,0.15,16,0.68,0.64,3,02 41 37.97,+42 44 47.7
176,02 38 24.80,+42 41 09.3,-0.11,0.57,0.32,0.09,15.83,     ,     ,0,02 41 38.31,+42 53 56.8
177,02 38 24.82,+42 31 17.7,0.04,-0.07,0.03,0.04,14,0.79,0.74,93,02 41 38.10,+42 44 05.2
178,02 38 25.24,+42 35 50.4,-0.01,0.92,0.07,0.08,14.84,0.67,0.63,0,02 41 38.63,+42 48 37.9
179,02 38 25.26,+42 26 17.7,-0.01,0.05,0.01,0.02,13.61,0.68,0.72,95,02 41 38.43,+42 39 05.2
180,02 38 25.46,+42 26 24.5,-0.12,0.25,0.08,0.06,14.65,0.51,0.06,0,02 41 38.63,+42 39 12.0
181,02 38 25.70,+42 31 27.6,-1.23,0.29,0.33,0.24,16.3,     ,     ,0,02 41 38.99,+42 44 15.1
182,02 38 25.82,+42 47 28.1,2.42,-1.03,0.27,0.43,15.06,     ,     ,0,02 41 39.48,+43 00 15.6
183,02 38 25.90,+42 47 34.2,-0.18,0.5,0.04,0.05,10.63,     ,     ,0,02 41 39.56,+43 00 21.7
184,02 38 26.18,+42 39 58.5,-0.04,-0.03,0.04,0.05,10.43,0.24,0.01,99,02 41 39.67,+42 52 46.0
185,02 38 26.71,+42 24 35.1,0.58,0.67,0.1,0.06,15.11,     ,     ,0,02 41 39.84,+42 37 22.5
186,02 38 26.73,+42 29 33.7,-0.08,0.41,0.03,0.03,11.26,1,1.03,0,02 41 39.98,+42 42 21.1
187,02 38 26.86,+42 43 40.7,0.04,0.01,0.29,0.15,15.62,0.69,0.63,47,02 41 40.44,+42 56 28.1
188,02 38 26.91,+42 25 00.3,0.07,0.4,0.05,0.07,14.6,0.88,0.94,0,02 41 40.06,+42 37 47.7
189,02 38 26.99,+42 38 24.7,0.18,0.5,0.13,0.1,15.15,0.59,0.56,0,02 41 40.45,+42 51 12.1
190,02 38 27.23,+42 42 00.5,0.03,-0.01,0.01,0.01,13.08,0.65,0.59,99,02 41 40.77,+42 54 47.9
191,02 38 28.01,+42 33 31.4,0,-0.05,0.03,0.05,10.5,0.12,0.09,99,02 41 41.36,+42 46 18.8
192,02 38 28.18,+42 41 17.0,0.71,0.64,0.19,0.16,15.37,     ,     ,0,02 41 41.71,+42 54 04.4
193,02 38 28.23,+42 48 14.5,-0.16,0.08,0.27,0.1,15.1,0.72,0.71,8,02 41 41.92,+43 01 01.9
194,02 38 28.27,+42 45 10.6,-0.35,-0.08,0.29,0.15,15.64,1.27,1.09,6,02 41 41.89,+42 57 58.0
195,02 38 28.68,+42 22 57.3,0.96,0.41,0.07,0.05,15.01,     ,     ,0,02 41 41.78,+42 35 44.6
196,02 38 29.38,+42 22 59.9,-0.07,0.34,0.19,0.21,15.48,0.98,0.93,0,02 41 42.49,+42 35 47.2
197,02 38 29.83,+42 20 27.1,0.38,-0.18,0.29,0.14,15.71,0.98,1.23,5,02 41 42.88,+42 33 14.4
198,02 38 30.63,+42 27 45.7,3.02,-1.4,0.32,0.3,15.64,     ,     ,0,02 41 43.85,+42 40 33.0
199,02 38 30.79,+42 33 21.2,0.07,0.02,0.04,0.03,14.51,0.91,0.8,85,02 41 44.14,+42 46 08.4
200,02 38 30.80,+42 23 22.3,-0.07,-0.1,0.02,0.04,13.47,0.73,0.72,38,02 41 43.92,+42 36 09.5
201,02 38 30.90,+42 27 08.7,-0.42,-0.08,0.03,0.03,13.87,     ,     ,0,02 41 44.11,+42 39 55.9
202,02 38 31.02,+42 35 26.9,-0.02,0.88,0.3,0.33,16.1,0.47,0.57,0,02 41 44.42,+42 48 14.1
203,02 38 31.27,+42 20 06.3,-0.1,1.03,0.2,0.35,16.04,0.62,0.46,0,02 41 44.32,+42 32 53.5
204,02 38 31.60,+42 49 25.2,0.07,0.75,0.25,0.25,14.94,     ,     ,0,02 41 45.33,+43 02 12.4
205,02 38 31.87,+42 29 30.0,0.04,0.13,0.04,0.02,13.81,1.13,1.06,48,02 41 45.14,+42 42 17.2
206,02 38 32.07,+42 36 14.1,0.02,-0.02,0.01,0.01,12.55,0.52,0.49,99,02 41 45.49,+42 49 01.3
207,02 38 32.26,+42 43 29.5,-0.37,0.5,0.09,0.14,15.18,0.83,0.72,0,02 41 45.85,+42 56 16.7
208,02 38 32.63,+42 30 03.8,-0.02,-0.01,0.03,0.01,13.21,0.74,0.69,98,02 41 45.91,+42 42 51.0
209,02 38 33.60,+42 16 44.4,-0.47,-0.58,0.04,0.03,12.49,     ,     ,0,02 41 46.58,+42 29 31.5
210,02 38 33.66,+42 46 46.9,-0.05,0.71,0.03,0.03,13.38,     ,     ,0,02 41 47.33,+42 59 34.0
211,02 38 33.76,+42 30 10.2,0.03,0.05,0.03,0.02,11.27,0.29,0.25,99,02 41 47.05,+42 42 57.3
212,02 38 33.93,+42 37 22.6,-0.01,0.33,0.03,0.03,13.75,     ,     ,0,02 41 47.39,+42 50 09.7
213,02 38 34.06,+42 30 52.5,0.07,-0.05,0.03,0.02,13.07,0.6,0.57,94,02 41 47.36,+42 43 39.6
214,02 38 34.14,+42 45 02.2,-0.15,0.23,0.19,0.27,15.93,0.67,0.84,11,02 41 47.77,+42 57 49.3
215,02 38 34.63,+42 28 32.3,-0.72,0.1,0.02,0.01,12.25,0.59,0.6,0,02 41 47.88,+42 41 19.4
216,02 38 34.80,+42 26 17.6,-0.02,0,0.02,0.02,12.88,0.57,0.51,99,02 41 48.00,+42 39 04.7
217,02 38 34.91,+42 33 16.0,0.46,0.43,0.15,0.09,15.08,     ,     ,0,02 41 48.27,+42 46 03.0
218,02 38 34.99,+42 36 47.4,0.26,-0.21,0.38,0.26,16.31,1.08,1.34,17,02 41 48.44,+42 49 34.4
219,02 38 35.05,+42 36 18.8,0.01,-0.08,0.02,0.01,12.73,0.45,0.42,94,02 41 48.48,+42 49 05.8
220,02 38 35.30,+42 34 18.0,-0.33,0.76,0.06,0.18,15.61,0.86,0.84,0,02 41 48.69,+42 47 05.0
221,02 38 35.59,+42 26 47.2,-0.03,-0.2,0.18,0.16,15.68,0.65,0.72,38,02 41 48.81,+42 39 34.2
222,02 38 35.62,+42 49 07.3,0.65,0.98,0.03,0.03,12.92,     ,     ,0,02 41 49.35,+43 01 54.3
223,02 38 35.77,+42 18 45.0,-0.85,0.64,0.01,0.02,13.58,     ,     ,0,02 41 48.80,+42 31 32.0
224,02 38 36.18,+42 23 51.3,-0.02,0.01,0.05,0.05,14.4,0.84,0.76,91,02 41 49.33,+42 36 38.3
225,02 38 36.26,+42 31 41.9,-0.27,-1.17,0.14,0.22,15.84,     ,     ,0,02 41 49.59,+42 44 28.9
226,02 38 36.34,+42 32 47.1,-0.1,0.06,0.21,0.3,15.73,0.68,0.58,36,02 41 49.70,+42 45 34.1
227,02 38 36.74,+42 24 27.6,0.07,-0.03,0.04,0.04,14.44,0.83,0.79,92,02 41 49.91,+42 37 14.6
228,02 38 36.82,+42 44 34.3,-1.35,0.59,0.27,0.3,16.19,     ,     ,0,02 41 50.45,+42 57 21.3
229,02 38 36.94,+42 31 51.5,-0.04,0,0.29,0.23,16.12,1.37,1.27,46,02 41 50.28,+42 44 38.5
230,02 38 37.24,+42 25 44.0,0.01,0.63,0.01,0.01,12.6,     ,     ,0,02 41 50.44,+42 38 30.9
231,02 38 37.30,+42 38 51.9,0.07,-0.01,0.02,0.02,11.45,0.33,0.3,99,02 41 50.80,+42 51 38.8
232,02 38 37.33,+42 22 11.0,0.71,0.95,0.36,0.42,16,0.62,0.67,0,02 41 50.45,+42 34 57.9
233,02 38 37.41,+42 49 12.2,-0.55,0.42,0.19,0.14,15.21,     ,     ,0,02 41 51.15,+43 01 59.1
234,02 38 37.53,+42 22 47.8,0.16,0.11,0.39,0.21,16.41,0.91,0.93,28,02 41 50.66,+42 35 34.7
235,02 38 37.60,+42 41 26.0,-0.3,0.73,0.04,0.04,14.38,1.03,0.9,0,02 41 51.16,+42 54 12.9
236,02 38 37.69,+42 17 52.6,-0.03,0.18,0.02,0.02,13.3,0.99,0.86,0,02 41 50.71,+42 30 39.5
237,02 38 37.69,+42 47 22.7,0.2,0.06,0.29,0.26,15.92,0.87,0.8,29,02 41 51.39,+43 00 09.6
238,02 38 37.91,+42 42 50.5,-0.37,1.12,0.11,0.06,14.89,     ,     ,0,02 41 51.51,+42 55 37.4
239,02 38 37.97,+42 32 12.9,-0.43,0.36,0.08,0.04,14.45,0.55,0.53,0,02 41 51.32,+42 44 59.8
240,02 38 37.97,+42 41 14.2,0.14,0.2,0.04,0.08,14.51,0.58,0.52,0,02 41 51.53,+42 54 01.1
241,02 38 38.17,+42 21 38.6,-0.4,-0.15,0.09,0.06,14.95,0.85,0.93,0,02 41 51.28,+42 34 25.5
242,02 38 38.26,+42 32 03.1,-0.23,0.48,0.3,0.17,15.86,0.64,0.59,0,02 41 51.61,+42 44 50.0
243,02 38 38.34,+42 31 16.0,1.04,-0.04,0.53,0.31,16.51,1,0.94,0,02 41 51.67,+42 44 02.9
244,02 38 38.38,+42 33 34.2,-0.09,-0.33,0.06,0.06,14.37,0.88,0.8,0,02 41 51.76,+42 46 21.1
245,02 38 38.71,+42 29 20.6,-0.19,0.3,0.15,0.12,15.12,0.55,0.47,0,02 41 52.00,+42 42 07.5
246,02 38 38.90,+42 31 51.5,-0.01,0.07,0.02,0.02,12.18,0.48,0.45,98,02 41 52.24,+42 44 38.4
247,02 38 38.94,+42 28 02.3,-0.3,0.74,0.05,0.04,14.39,0.52,0.51,0,02 41 52.20,+42 40 49.2
248,02 38 39.13,+42 24 41.7,0.47,0.5,0.23,0.1,15.03,     ,     ,0,02 41 52.31,+42 37 28.6
249,02 38 39.19,+42 35 01.6,-0.35,0.87,0.01,0.02,13.46,     ,     ,0,02 41 52.61,+42 47 48.4
250,02 38 39.32,+42 30 17.3,-0.08,0.46,0.03,0.02,13.37,     ,     ,0,02 41 52.63,+42 43 04.1
251,02 38 39.74,+42 40 31.7,-0.1,-0.14,0.02,0.02,13.72,0.74,0.62,1,02 41 53.29,+42 53 18.5
252,02 38 40.16,+42 16 49.8,0.16,0.1,0.2,0.25,15.13,0.85,0.8,15,02 41 53.16,+42 29 36.6
253,02 38 40.52,+42 46 49.8,-0.17,0.55,0.19,0.29,16.27,1.36,1.31,0,02 41 54.22,+42 59 36.6
254,02 38 40.86,+42 39 54.3,-0.21,0.39,0.16,0.17,14.99,1.06,0.99,0,02 41 54.40,+42 52 41.1
255,02 38 40.88,+42 24 42.4,0.54,-0.09,0.16,0.12,15.31,     ,     ,0,02 41 54.07,+42 37 29.2
256,02 38 41.17,+42 27 37.7,-0.31,0.62,0.03,0.03,11.12,0.97,0.99,0,02 41 54.42,+42 40 24.5
257,02 38 41.22,+42 34 58.3,-0.01,0.04,0.01,0.03,12.34,0.46,0.61,99,02 41 54.64,+42 47 45.1
258,02 38 41.44,+42 40 07.4,-0.33,0.07,0.06,0.06,14.36,0.83,0.79,0,02 41 54.98,+42 52 54.1
259,02 38 41.95,+42 35 06.0,0.83,-0.12,0.16,0.15,15.14,     ,     ,0,02 41 55.38,+42 47 52.7
260,02 38 42.14,+42 48 55.7,1.06,-1.68,0.02,0.02,12.36,     ,     ,0,02 41 55.89,+43 01 42.4
261,02 38 42.97,+42 19 46.8,0.65,0.65,0.41,0.25,16.19,0.66,0.55,0,02 41 56.05,+42 32 33.5
262,02 38 43.16,+42 29 32.9,-0.21,0.3,0.17,0.36,16.02,0.78,0.62,3,02 41 56.47,+42 42 19.6
263,02 38 43.61,+42 30 07.3,0.05,0.06,0.17,0.19,15.33,0.63,0.51,67,02 41 56.93,+42 42 53.9
264,02 38 43.68,+42 33 02.4,-0.34,0.62,0.52,0.35,16.26,0.68,0.71,0,02 41 57.07,+42 45 49.0
265,02 38 43.71,+42 47 40.8,0.04,-0.12,0.36,0.26,15.43,1.15,1.19,53,02 41 57.44,+43 00 27.4
266,02 38 44.05,+42 36 02.7,-0.1,0.67,0.35,0.2,14.87,0.85,0.94,0,02 41 57.51,+42 48 49.3
267,02 38 44.09,+42 46 03.5,-0.51,-0.03,0.21,0.2,15.03,0.81,0.68,0,02 41 57.78,+42 58 50.1
268,02 38 44.32,+42 40 36.7,-0.12,-0.27,0.36,0.27,16,1.16,1.35,22,02 41 57.89,+42 53 23.3
269,02 38 44.35,+42 32 51.6,1.4,-0.39,0.24,0.26,15.57,     ,     ,0,02 41 57.74,+42 45 38.2
270,02 38 44.38,+42 36 02.6,0.02,0,0.03,0.02,12.6,0.6,0.48,99,02 41 57.84,+42 48 49.2
271,02 38 44.40,+42 49 02.2,-0.61,0.65,0.34,0.36,15.96,     ,     ,0,02 41 58.16,+43 01 48.8
272,02 38 44.53,+42 27 16.8,0.77,-0.54,0.12,0.15,15.08,     ,     ,0,02 41 57.79,+42 40 03.4
273,02 38 44.84,+42 16 31.5,-0.09,0.33,0.21,0.18,15.5,0.65,0.42,5,02 41 57.85,+42 29 18.1
274,02 38 44.93,+42 40 37.3,0.12,-0.34,0.17,0.24,15.98,0.88,0.95,15,02 41 58.50,+42 53 23.9
275,02 38 44.97,+42 33 17.4,0.03,0.02,0.02,0.01,11.92,0.44,0.43,99,02 41 58.37,+42 46 04.0
276,02 38 45.04,+42 44 44.5,-0.1,0.39,0.22,0.34,15.91,     ,     ,2,02 41 58.70,+42 57 31.1
277,02 38 45.09,+42 40 43.3,0.17,0.38,0.03,0.03,13.79,     ,     ,0,02 41 58.66,+42 53 29.9
278,02 38 45.13,+42 47 16.9,-0.9,0.12,0.25,0.15,14.97,     ,     ,0,02 41 58.85,+43 00 03.5
279,02 38 45.57,+42 26 31.8,0.1,0.08,0.03,0.02,11.44,0.32,0.25,96,02 41 58.81,+42 39 18.4
280,02 38 46.24,+42 28 16.2,0.08,-0.06,0.02,0.02,13.18,0.7,0.71,87,02 41 59.53,+42 41 02.7
281,02 38 46.81,+42 38 14.4,-0.14,0.36,0.03,0.03,14.48,0.54,0.46,0,02 42 00.33,+42 51 00.9
282,02 38 46.92,+42 36 07.8,0.01,0,0.01,0.02,12.8,0.75,0.71,99,02 42 00.39,+42 48 54.3
283,02 38 47.20,+42 44 58.3,-0.09,0.42,0.14,0.17,15.02,     ,     ,0,02 42 00.88,+42 57 44.8
284,02 38 47.42,+42 30 51.1,0.04,0.89,0.43,0.2,16.07,0.5,0.5,0,02 42 00.77,+42 43 37.6
285,02 38 47.53,+42 44 51.5,-0.03,0.55,0.03,0.02,13.05,     ,     ,0,02 42 01.21,+42 57 37.9
286,02 38 47.94,+42 33 17.9,0.23,1.1,0.32,0.23,15.17,     ,     ,0,02 42 01.35,+42 46 04.3
287,02 38 48.13,+42 20 15.7,-0.98,0.66,0.02,0.03,13.81,     ,     ,0,02 42 01.24,+42 33 02.1
288,02 38 48.45,+42 48 27.9,-0.05,-0.11,0.19,0.17,14.89,1.06,0.96,57,02 42 02.21,+43 01 14.3
289,02 38 48.97,+42 39 06.0,0.03,-0.04,0.18,0.24,15.18,0.95,0.97,76,02 42 02.52,+42 51 52.4
290,02 38 49.41,+42 18 12.3,-0.04,-0.07,0.05,0.04,11.4,0.74,0.65,98,02 42 02.47,+42 30 58.7
291,02 38 49.45,+42 27 07.6,0.14,0.7,0.03,0.03,14.03,1.25,1.1,0,02 42 02.72,+42 39 54.0
292,02 38 49.49,+42 34 14.7,0.29,0.07,0.02,0.03,11.85,0.19,0.19,0,02 42 02.93,+42 47 01.1
293,02 38 50.78,+42 49 51.0,-0.36,0.4,0.24,0.2,15.92,0.68,0.71,0,02 42 04.58,+43 02 37.3
294,02 38 50.81,+42 20 04.1,-0.05,-0.72,0.53,0.94,10.09,     ,     ,0,02 42 03.92,+42 32 50.4
295,02 38 50.95,+42 26 59.9,0.99,-0.45,0.15,0.2,16.15,     ,     ,0,02 42 04.22,+42 39 46.2
296,02 38 52.01,+42 28 09.7,0.09,0.01,0.03,0.04,14.11,0.75,0.72,91,02 42 05.31,+42 40 55.9
297,02 38 52.08,+42 38 17.2,-0.02,-0.02,0.02,0.01,12.44,0.56,0.46,99,02 42 05.62,+42 51 03.4
298,02 38 52.30,+42 34 08.2,0.1,0.04,0.04,0.04,14.51,1.01,1,71,02 42 05.74,+42 46 54.4
299,02 38 52.72,+42 16 23.7,0.74,0.5,0.04,0.05,14.22,     ,     ,0,02 42 05.75,+42 29 09.9
300,02 38 52.90,+42 25 41.4,-0.1,0.54,0.05,0.03,14.3,0.63,0.56,0,02 42 06.15,+42 38 27.6
301,02 38 52.96,+42 33 11.4,-0.01,-0.09,0.03,0.03,10.77,0.2,0.18,99,02 42 06.38,+42 45 57.6
302,02 38 53.20,+42 29 26.2,0.92,0.29,0.02,0.02,12.56,0.41,0.59,0,02 42 06.54,+42 42 12.4
303,02 38 53.35,+42 23 35.5,0.06,0.04,0.02,0.02,13.67,0.85,0.82,95,02 42 06.55,+42 36 21.7
304,02 38 53.36,+42 37 53.1,0.9,0.41,0.18,0.33,15.52,     ,     ,0,02 42 06.89,+42 50 39.3
305,02 38 53.38,+42 35 01.2,-0.05,-0.02,0.01,0.02,12.41,0.52,0.49,98,02 42 06.85,+42 47 47.4
306,02 38 53.41,+42 42 18.1,1.11,0.72,0.08,0.12,15.27,     ,     ,0,02 42 07.05,+42 55 04.3
307,02 38 53.48,+42 29 13.0,-0.2,-0.24,0.08,0.04,14.16,0.59,0.62,0,02 42 06.81,+42 41 59.2
308,02 38 53.76,+42 30 33.9,0.19,-0.1,0.26,0.19,15.37,0.7,0.72,10,02 42 07.13,+42 43 20.1
309,02 38 53.84,+42 37 55.4,1.04,-0.21,0.32,0.26,16.6,     ,     ,0,02 42 07.38,+42 50 41.6
310,02 38 54.01,+42 34 41.5,-0.06,-0.21,0.26,0.08,15.73,1.25,1.19,35,02 42 07.47,+42 47 27.6
311,02 38 54.19,+42 19 35.6,0.7,0.16,0.06,0.06,14.57,     ,     ,0,02 42 07.30,+42 32 21.7
312,02 38 54.19,+42 23 00.3,-0.83,-1.12,0.09,0.07,14.91,     ,     ,0,02 42 07.38,+42 35 46.4
313,02 38 54.28,+42 25 20.1,-0.37,-0.02,0.23,0.15,15.96,0.56,0.45,4,02 42 07.53,+42 38 06.2
314,02 38 54.46,+42 24 26.5,0.46,0.25,0.24,0.12,15.59,     ,     ,0,02 42 07.69,+42 37 12.6
315,02 38 54.90,+42 25 56.7,-0.03,0.03,0.02,0.02,13.11,0.6,0.55,97,02 42 08.16,+42 38 42.8
316,02 38 55.09,+42 35 06.6,2.52,-1.24,0.05,0.13,14.69,     ,     ,0,02 42 08.57,+42 47 52.7
317,02 38 55.35,+42 29 01.7,-0.01,-0.05,0.03,0.03,13.42,0.74,0.72,97,02 42 08.68,+42 41 47.8
318,02 38 55.74,+42 35 22.1,-0.16,0.75,0.07,0.06,14.67,0.89,0.92,0,02 42 09.22,+42 48 08.2
319,02 38 55.85,+42 36 57.5,0.04,-0.01,0.02,0.01,13.11,0.79,0.57,98,02 42 09.37,+42 49 43.6
320,02 38 56.01,+42 29 20.3,0.02,-0.03,0.01,0.02,13.48,0.8,0.8,98,02 42 09.35,+42 42 06.4
321,02 38 56.01,+42 28 25.1,-0.28,0.17,0.26,0.33,15.83,0.57,0.56,6,02 42 09.33,+42 41 11.2
322,02 38 56.37,+42 34 54.2,-0.34,0.17,0.29,0.26,16.23,0.87,0.73,3,02 42 09.84,+42 47 40.2
323,02 38 56.66,+42 32 26.1,0.06,-0.02,0.02,0.03,11.23,0.26,0.22,99,02 42 10.08,+42 45 12.1
324,02 38 56.76,+42 21 12.7,-0.18,0.36,0.29,0.14,15.3,0.62,0.64,0,02 42 09.92,+42 33 58.7
325,02 38 56.99,+42 37 52.1,-0.22,0.31,0.03,0.02,13.66,     ,     ,0,02 42 10.54,+42 50 38.1
326,02 38 57.04,+42 37 11.3,-0.09,-1.14,0.04,0.16,10.03,     ,     ,0,02 42 10.57,+42 49 57.3
327,02 38 57.74,+42 37 51.3,-0.14,-0.09,0.06,0.03,14.49,0.91,0.91,0,02 42 11.29,+42 50 37.3
328,02 38 57.85,+42 36 39.8,0.29,0.11,0.45,0.23,16.67,0.77,0.63,12,02 42 11.37,+42 49 25.8
329,02 38 57.86,+42 17 51.7,-0.03,-0.05,0.03,0.02,12.11,0.48,0.39,98,02 42 10.95,+42 30 37.7
330,02 38 58.29,+42 31 03.1,-0.18,-0.2,0.07,0.15,15.64,1.05,1.13,23,02 42 11.68,+42 43 49.0
331,02 38 58.40,+42 46 14.1,0.06,0.05,0.02,0.02,13.02,0.64,0.59,95,02 42 12.15,+42 59 00.0
332,02 38 58.64,+42 34 25.8,-0.02,-0.06,0.05,0.08,10.02,0.08,-0.03,99,02 42 12.11,+42 47 11.7
333,02 38 58.73,+42 22 54.3,-0.22,0.78,0.14,0.21,15.28,0.69,0.68,0,02 42 11.93,+42 35 40.2
334,02 38 59.23,+42 30 34.2,0.57,-0.21,0.11,0.15,14.74,     ,     ,0,02 42 12.61,+42 43 20.1
335,02 38 59.53,+42 30 54.0,0.03,0.04,0.02,0.01,13.52,0.69,0.62,97,02 42 12.92,+42 43 39.9
336,02 38 59.59,+42 42 59.1,1.51,0.23,0.02,0.01,12.83,     ,     ,0,02 42 13.26,+42 55 45.0
337,02 38 59.62,+42 37 19.6,-0.04,0.28,0.24,0.33,16.38,0.77,0.49,10,02 42 13.16,+42 50 05.5
338,02 38 59.74,+42 24 31.8,0.05,-0.01,0.03,0.03,11.03,0.38,0.31,99,02 42 12.99,+42 37 17.7
339,02 38 59.80,+42 35 43.4,0.24,1.02,0.22,0.11,16.21,0.84,0.66,0,02 42 13.31,+42 48 29.3
340,02 39 00.04,+42 27 14.5,-0.42,0.78,0.14,0.22,15.94,     ,     ,0,02 42 13.35,+42 40 00.4
341,02 39 00.10,+42 28 12.6,0.17,0.37,0.26,0.17,15.61,0.72,0.64,2,02 42 13.43,+42 40 58.5
342,02 39 00.26,+42 43 03.0,0.05,0.16,0.02,0.03,14.2,0.92,0.95,17,02 42 13.94,+42 55 48.8
343,02 39 00.52,+42 38 38.5,0.9,-3.87,0.01,0.01,12.19,     ,     ,0,02 42 14.10,+42 51 24.3
344,02 39 00.54,+42 47 13.8,-0.6,0.36,0.31,0.25,16.05,0.65,0.78,0,02 42 14.32,+42 59 59.6
345,02 39 00.90,+42 40 04.9,1.7,-0.29,0.03,0.05,10.49,     ,     ,0,02 42 14.51,+42 52 50.7
346,02 39 01.22,+42 41 48.5,0.27,-0.04,0.02,0.02,13.18,0.69,0.64,0,02 42 14.87,+42 54 34.3
347,02 39 01.75,+42 18 40.5,-1.08,0.97,0.24,0.21,15.69,     ,     ,0,02 42 14.87,+42 31 26.3
348,02 39 01.77,+42 21 16.3,-0.17,0.55,0.18,0.42,16.25,0.46,0.51,0,02 42 14.95,+42 34 02.1
349,02 39 01.81,+42 15 50.9,0.28,0.27,0.06,0.1,13.62,     ,     ,0,02 42 14.86,+42 28 36.7
350,02 39 01.87,+42 35 48.0,-0.17,0.59,0.18,0.22,15.14,1.05,0.99,0,02 42 15.38,+42 48 33.8
351,02 39 02.47,+42 36 06.6,0.5,0.23,0.13,0.2,16.12,0.92,0.77,0,02 42 15.99,+42 48 52.4
352,02 39 02.83,+42 40 03.2,-0.08,0.1,0.03,0.02,11.44,0.34,0.29,91,02 42 16.45,+42 52 48.9
353,02 39 03.14,+42 38 47.1,0.29,0.7,0.23,0.25,15.93,0.76,0.75,0,02 42 16.73,+42 51 32.8
354,02 39 03.55,+42 31 50.8,0.24,0.66,0.1,0.14,15.46,1.1,1.09,0,02 42 16.98,+42 44 36.5
355,02 39 03.56,+42 23 22.5,-1.61,0.24,0.01,0.02,12.1,     ,     ,0,02 42 16.79,+42 36 08.2
356,02 39 03.69,+42 35 33.8,0.29,-0.09,0.23,0.29,15.86,1.16,1.26,18,02 42 17.21,+42 48 19.5
357,02 39 04.17,+42 36 18.5,-2.21,0.8,0.28,0.16,15.63,     ,     ,0,02 42 17.70,+42 49 04.2
358,02 39 04.18,+42 22 19.0,0.09,0.27,0.39,0.31,15.84,0.32,0.35,11,02 42 17.39,+42 35 04.7
359,02 39 04.73,+42 31 07.2,-0.01,0.19,0.1,0.2,15.45,0.5,0.51,7,02 42 18.15,+42 43 52.8
360,02 39 04.74,+42 30 36.3,0.14,0.77,0.16,0.19,15.74,0.64,0.56,0,02 42 18.14,+42 43 21.9
361,02 39 05.31,+42 32 24.6,-1.47,0.07,0.03,0.05,14.46,     ,     ,0,02 42 18.76,+42 45 10.2
362,02 39 05.41,+42 34 04.0,-0.05,0,0.01,0.02,12.49,0.61,0.56,98,02 42 18.90,+42 46 49.6
363,02 39 05.80,+42 21 42.3,18.56,4.31,0.21,0.17,16.37,     ,     ,0,02 42 19.00,+42 34 27.9
364,02 39 05.93,+42 22 30.0,-0.71,0.89,0.33,0.25,15.8,     ,     ,0,02 42 19.15,+42 35 15.6
365,02 39 05.98,+42 37 31.1,0.42,-0.04,0.19,0.24,15.62,0.86,0.78,4,02 42 19.55,+42 50 16.7
366,02 39 06.10,+42 17 19.4,0.03,-0.08,0.04,0.06,13.72,0.73,0.65,94,02 42 19.20,+42 30 05.0
367,02 39 06.38,+42 37 48.7,-0.1,0.32,0.24,0.27,15.71,0.71,0.58,5,02 42 19.96,+42 50 34.3
368,02 39 06.59,+42 29 51.7,0.49,0.91,0.4,0.15,15.58,     ,     ,0,02 42 19.98,+42 42 37.3
369,02 39 06.92,+42 42 51.6,0.15,0.4,0.16,0.14,15.11,0.67,0.67,0,02 42 20.62,+42 55 37.1
370,02 39 07.36,+42 33 57.4,0.67,1.02,0.12,0.21,15.51,     ,     ,0,02 42 20.85,+42 46 42.9
371,02 39 07.39,+42 30 53.6,0.53,-0.05,0.16,0.08,15.23,1.02,0.97,0,02 42 20.81,+42 43 39.1
372,02 39 07.75,+42 34 51.9,0.24,0.81,0.17,0.12,15.95,0.55,0.46,0,02 42 21.26,+42 47 37.4
373,02 39 08.04,+42 19 12.5,0.21,0.16,0.03,0.03,13.76,0.53,0.43,0,02 42 21.19,+42 31 58.0
374,02 39 08.29,+42 18 43.3,-0.01,-0.02,0.01,0.03,11.64,0.44,0.37,99,02 42 21.43,+42 31 28.8
375,02 39 08.51,+42 46 28.7,-0.03,0,0.06,0.04,13.8,0.79,0.77,95,02 42 22.30,+42 59 14.2
376,02 39 08.56,+42 32 59.0,0.09,0.44,0.04,0.05,13.59,     ,     ,0,02 42 22.03,+42 45 44.5
377,02 39 08.71,+42 19 28.2,0.08,-0.09,0.04,0.04,14.13,0.94,0.9,81,02 42 21.87,+42 32 13.7
378,02 39 09.05,+42 21 45.4,0.13,-0.08,0.06,0.07,15.08,0.51,0.52,42,02 42 22.26,+42 34 30.8
379,02 39 09.15,+42 37 05.9,1.3,0.19,0.05,0.05,14.85,     ,     ,0,02 42 22.72,+42 49 51.3
380,02 39 09.18,+42 44 44.4,0.27,0.01,0.09,0.05,14.58,0.85,0.8,0,02 42 22.93,+42 57 29.8
381,02 39 09.24,+42 41 38.0,-0.4,0.63,0.27,0.11,16.29,0.69,0.74,0,02 42 22.92,+42 54 23.4
382,02 39 09.43,+42 23 17.6,0.06,1.04,0.06,0.04,11.19,     ,     ,0,02 42 22.68,+42 36 03.0
383,02 39 09.56,+42 17 32.8,0.02,0.24,0.03,0.04,13.95,1.08,0.99,0,02 42 22.68,+42 30 18.2
384,02 39 10.39,+42 19 46.7,4.75,-5.05,0.03,0.02,13.39,     ,     ,0,02 42 23.56,+42 32 32.1
385,02 39 10.77,+42 36 49.5,4.8,-0.73,0.02,0.03,12.01,     ,     ,0,02 42 24.34,+42 49 34.9
386,02 39 11.21,+42 22 51.1,0.18,0.83,0.21,0.26,15.64,0.61,0.69,0,02 42 24.46,+42 35 36.4
387,02 39 11.27,+42 18 13.8,0.19,-0.11,0.02,0.03,13.06,0.89,0.84,0,02 42 24.41,+42 30 59.1
388,02 39 11.86,+42 42 07.4,-0.23,0.8,0.52,0.41,16.05,0.6,0.79,0,02 42 25.56,+42 54 52.7
389,02 39 12.05,+42 44 18.2,-0.14,0.83,0.28,0.17,15.69,0.56,0.56,0,02 42 25.80,+42 57 03.5
390,02 39 12.10,+42 19 36.8,0.43,-0.05,0.08,0.05,15.13,0.8,0.77,0,02 42 25.27,+42 32 22.1
391,02 39 12.15,+42 36 21.1,0.66,0.4,0.27,0.15,15.25,     ,     ,0,02 42 25.71,+42 49 06.4
392,02 39 12.21,+42 28 24.3,-0.05,0.05,0.26,0.15,15.49,1.01,1.02,62,02 42 25.59,+42 41 09.6
393,02 39 12.62,+42 44 57.2,-0.41,-0.68,0.27,0.13,15.52,     ,     ,0,02 42 26.38,+42 57 42.5
394,02 39 12.71,+42 38 33.0,-0.23,0.46,0.02,0.03,13.96,0.55,0.49,0,02 42 26.33,+42 51 18.3
395,02 39 12.71,+42 15 59.8,0.72,-0.32,0.05,0.1,14.11,     ,     ,0,02 42 25.80,+42 28 45.1
396,02 39 12.83,+42 30 57.2,-0.05,0.3,0.08,0.11,14.81,     ,     ,0,02 42 26.27,+42 43 42.5
397,02 39 13.17,+42 17 28.8,-0.04,-0.04,0.17,0.13,14.74,0.9,0.83,85,02 42 26.30,+42 30 14.1
398,02 39 13.61,+42 49 17.9,0.27,-0.16,0.23,0.18,14.83,0.78,0.64,0,02 42 27.48,+43 02 03.1
399,02 39 13.62,+42 45 22.0,0.82,0.28,0.17,0.11,14.97,     ,     ,0,02 42 27.40,+42 58 07.2
400,02 39 13.67,+42 37 04.9,-0.12,-0.12,0.02,0.02,12.89,0.59,0.57,4,02 42 27.25,+42 49 50.1
401,02 39 13.80,+42 33 40.6,0.61,0.35,0.08,0.13,15.12,     ,     ,0,02 42 27.31,+42 46 25.8
402,02 39 13.82,+42 43 37.8,-0.38,0.84,0.14,0.12,14.98,     ,     ,0,02 42 27.56,+42 56 23.0
403,02 39 13.88,+42 43 22.5,0.21,0.43,0.25,0.16,15.92,0.89,0.8,1,02 42 27.61,+42 56 07.7
404,02 39 14.21,+42 33 31.8,0.02,-0.02,0.02,0.02,12.34,0.52,0.49,99,02 42 27.71,+42 46 17.0
405,02 39 14.28,+42 23 37.0,0.04,0.28,0.4,0.16,16.09,0.72,0.83,11,02 42 27.55,+42 36 22.2
406,02 39 14.67,+42 33 01.5,0.05,0.24,0.25,0.19,15.93,0.62,0.48,16,02 42 28.16,+42 45 46.7
407,02 39 14.80,+42 32 17.1,0.18,-0.21,0.3,0.19,15.96,1.19,1.2,27,02 42 28.28,+42 45 02.3
408,02 39 15.80,+42 49 32.8,0.35,0.27,0.04,0.03,13.02,     ,     ,0,02 42 29.68,+43 02 17.9
409,02 39 16.23,+42 29 12.3,1.24,0.26,0.07,0.05,14.7,     ,     ,0,02 42 29.64,+42 41 57.4
410,02 39 16.28,+42 23 21.6,0.46,0.47,0.03,0.03,10.95,     ,     ,0,02 42 29.55,+42 36 06.7
411,02 39 16.39,+42 25 12.5,-0.09,0.74,0.19,0.12,15.01,0.48,0.5,0,02 42 29.71,+42 37 57.6
412,02 39 16.45,+42 28 49.3,0.08,0.15,0.07,0.07,14.88,0.69,0.57,7,02 42 29.85,+42 41 34.4
413,02 39 16.49,+42 46 54.1,0.89,-0.32,0.17,0.16,15.92,     ,     ,0,02 42 30.31,+42 59 39.2
414,02 39 16.65,+42 21 10.8,0.47,0.08,0.22,0.16,15.83,     ,     ,1,02 42 29.88,+42 33 55.9
415,02 39 16.78,+42 28 01.9,0.05,0.05,0.05,0.03,14.12,0.78,0.77,93,02 42 30.16,+42 40 47.0
416,02 39 16.94,+42 38 32.4,-0.37,-0.61,0.13,0.05,14.72,     ,     ,0,02 42 30.57,+42 51 17.5
417,02 39 17.19,+42 31 59.0,-0.18,0.5,0.03,0.02,13.84,     ,     ,0,02 42 30.67,+42 44 44.1
418,02 39 17.33,+42 38 47.0,0.22,0.52,0.27,0.39,16.11,0.57,0.68,0,02 42 30.97,+42 51 32.0
419,02 39 17.57,+42 31 57.1,0.09,0.54,0.15,0.21,15.91,0.65,0.67,0,02 42 31.05,+42 44 42.1
420,02 39 17.62,+42 45 34.7,0.02,0.05,0.04,0.05,10.63,0.2,0.06,99,02 42 31.42,+42 58 19.7
421,02 39 18.02,+42 37 59.3,0.29,0.29,0.16,0.12,14.88,0.72,0.63,0,02 42 31.64,+42 50 44.3
422,02 39 18.03,+42 16 04.0,0.38,0.05,0.22,0.07,15.34,1.12,1,0,02 42 31.14,+42 28 49.0
423,02 39 18.10,+42 44 07.1,-0.22,0.04,0.23,0.17,15.28,0.91,0.85,1,02 42 31.86,+42 56 52.1
424,02 39 18.21,+42 24 26.2,0.02,0.03,0.15,0.25,15.93,1.08,1.37,46,02 42 31.52,+42 37 11.2
425,02 39 18.67,+42 36 21.7,0.04,0.02,0.05,0.03,15.02,1.08,1.15,75,02 42 32.25,+42 49 06.7
426,02 39 18.80,+42 24 24.5,0.75,0.32,0.4,0.28,16.28,0.73,0.69,0,02 42 32.11,+42 37 09.5
427,02 39 19.41,+42 47 48.9,-0.08,0.57,0.01,0.02,13.49,     ,     ,0,02 42 33.26,+43 00 33.8
428,02 39 19.59,+42 44 03.7,0.04,-0.15,0.21,0.28,15.91,0.67,0.64,45,02 42 33.36,+42 56 48.6
429,02 39 19.65,+42 18 32.9,1.18,-0.79,0.08,0.06,14.87,     ,     ,0,02 42 32.83,+42 31 17.9
430,02 39 19.90,+42 29 17.0,0.67,0.18,0.02,0.01,12.86,     ,     ,0,02 42 33.32,+42 42 01.9
431,02 39 20.64,+42 24 28.7,-0.11,0.22,0.18,0.31,15.91,0.14,0.27,14,02 42 33.96,+42 37 13.6
432,02 39 20.64,+42 47 34.7,0.39,0.58,0.12,0.27,15.17,     ,     ,0,02 42 34.49,+43 00 19.6
433,02 39 21.00,+42 23 38.1,-0.01,0.06,0.03,0.03,12.35,0.62,0.58,98,02 42 34.30,+42 36 23.0
434,02 39 21.02,+42 47 00.5,0.05,-0.04,0.02,0.02,13.62,0.51,0.38,97,02 42 34.86,+42 59 45.4
435,02 39 21.05,+42 32 06.8,-0.07,-0.08,0.01,0.02,11.45,0.34,0.28,97,02 42 34.54,+42 44 51.7
436,02 39 21.67,+42 30 07.6,0.15,0.04,0.21,0.15,15.88,0.79,0.75,37,02 42 35.12,+42 42 52.4
437,02 39 21.72,+42 17 12.3,0.89,0.06,0.3,0.41,15.63,     ,     ,0,02 42 34.87,+42 29 57.2
438,02 39 21.80,+42 23 17.7,0.16,0.6,0.06,0.08,14.63,0.49,0.36,0,02 42 35.09,+42 36 02.5
439,02 39 21.87,+42 43 07.8,-0.09,0.51,0.03,0.04,13.86,     ,     ,0,02 42 35.62,+42 55 52.6
440,02 39 22.18,+42 33 41.7,-0.11,0,0.24,0.13,15.44,0.71,0.65,43,02 42 35.71,+42 46 26.5
441,02 39 22.31,+42 31 10.8,0.69,0.23,0.08,0.07,14.69,     ,     ,0,02 42 35.79,+42 43 55.6
442,02 39 22.48,+42 19 28.1,-0.08,0.09,0.39,0.32,15.34,0.68,0.58,36,02 42 35.69,+42 32 12.9
443,02 39 22.52,+42 20 45.8,-0.39,0.27,0.2,0.2,15.93,0.76,0.92,0,02 42 35.76,+42 33 30.6
444,02 39 22.54,+42 41 47.5,0.45,0.29,0.1,0.07,15.08,     ,     ,0,02 42 36.26,+42 54 32.3
445,02 39 22.61,+42 24 46.0,0.11,0.46,0.14,0.23,15.16,0.58,0.48,0,02 42 35.94,+42 37 30.8
446,02 39 22.69,+42 28 14.7,-0.59,-0.41,0.02,0.02,13.68,     ,     ,0,02 42 36.10,+42 40 59.5
447,02 39 22.92,+42 42 05.0,-0.04,-0.01,0.05,0.07,10.42,0.14,0.1,99,02 42 36.65,+42 54 49.8
448,02 39 22.96,+42 21 29.4,-0.01,0.28,0.16,0.13,14.63,0.57,0.66,0,02 42 36.21,+42 34 14.2
449,02 39 23.51,+42 34 36.9,0.35,0.31,0.22,0.15,15.5,0.6,0.47,1,02 42 37.07,+42 47 21.7
450,02 39 23.89,+42 17 44.2,0.35,0.21,0.18,0.12,15.31,     ,     ,0,02 42 37.06,+42 30 29.0
451,02 39 24.39,+42 30 05.3,-0.06,0.03,0.02,0.03,12.33,0.5,0.47,98,02 42 37.85,+42 42 50.0
452,02 39 24.43,+42 48 44.8,0.99,-0.23,0.03,0.03,13.2,     ,     ,0,02 42 38.32,+43 01 29.5
453,02 39 24.59,+42 33 45.9,-0.16,0.15,0.02,0.02,13.71,     ,     ,0,02 42 38.13,+42 46 30.6
454,02 39 25.41,+42 37 03.1,0.1,-0.03,0.03,0.04,11.45,0.36,-1.02,99,02 42 39.03,+42 49 47.8
455,02 39 25.58,+42 20 58.0,-0.17,-0.05,0.07,0.07,15.29,0.55,0.55,11,02 42 38.83,+42 33 42.7
456,02 39 25.84,+42 23 08.1,8.02,-5.84,0.46,0.14,16.17,     ,     ,0,02 42 39.14,+42 35 52.8
457,02 39 25.88,+42 27 49.0,1.05,0.26,0.16,0.19,15.76,     ,     ,0,02 42 39.29,+42 40 33.7
458,02 39 26.31,+42 36 00.4,0.37,0.25,0.12,0.18,15.73,1.09,1.02,1,02 42 39.91,+42 48 45.0
459,02 39 26.67,+42 33 38.3,0.34,0.79,0.39,0.16,15.98,0.73,0.39,0,02 42 40.22,+42 46 22.9
460,02 39 27.01,+42 34 17.7,0.88,0.28,0.02,0.02,13.16,     ,     ,0,02 42 40.58,+42 47 02.3
461,02 39 27.72,+42 47 47.3,0.27,0.25,0.26,0.19,15.42,0.82,0.91,0,02 42 41.60,+43 00 31.9
462,02 39 27.82,+42 48 05.8,0.27,0.01,0.02,0.02,13.03,0.66,0.64,0,02 42 41.71,+43 00 50.3
463,02 39 28.48,+42 44 15.2,0.14,-0.1,0.03,0.04,11.95,0.58,0.48,55,02 42 42.28,+42 56 59.7
464,02 39 28.99,+42 47 51.6,-0.15,0.6,0.28,0.26,15.51,0.65,0.47,0,02 42 42.88,+43 00 36.1
465,02 39 29.00,+42 27 47.7,0.04,-0.01,0.02,0.01,12.84,0.57,0.58,99,02 42 42.42,+42 40 32.2
466,02 39 29.40,+42 27 30.3,1.25,0.42,0.12,0.06,14.6,     ,     ,0,02 42 42.82,+42 40 14.8
467,02 39 29.48,+42 29 05.5,0.43,0.4,0.15,0.14,15.1,0.42,0.51,0,02 42 42.93,+42 41 50.0
468,02 39 29.57,+42 29 34.0,-0.04,0.1,0.02,0.02,12.83,0.53,0.51,70,02 42 43.03,+42 42 18.5
469,02 39 29.71,+42 39 46.5,-0.01,-0.33,0.15,0.23,15.7,1.37,1.31,19,02 42 43.41,+42 52 31.0
470,02 39 29.83,+42 29 50.4,-0.02,-0.65,0.06,0.05,14.48,0.82,0.78,0,02 42 43.30,+42 42 34.9
471,02 39 30.11,+42 44 48.1,-0.09,0.18,0.04,0.05,14.32,0.44,0.4,0,02 42 43.93,+42 57 32.5
472,02 39 30.27,+42 18 35.9,-0.04,-0.09,0.03,0.05,14.2,0.59,0.51,68,02 42 43.48,+42 31 20.4
473,02 39 30.42,+42 28 17.0,0.02,0,0.21,0.23,15.28,0.64,0.68,78,02 42 43.86,+42 41 01.4
474,02 39 31.11,+42 36 43.0,-0.02,0.01,0.04,0.06,10.28,0.1,-0.5,99,02 42 44.75,+42 49 27.4
475,02 39 31.17,+42 23 37.4,0.34,0.02,0.29,0.3,16.19,1.12,1.32,10,02 42 44.50,+42 36 21.8
476,02 39 31.17,+42 27 14.8,1.76,0.62,0.2,0.17,15.59,     ,     ,0,02 42 44.59,+42 39 59.2
477,02 39 31.22,+42 37 59.9,-1.27,0.21,0.02,0.01,12.66,     ,     ,0,02 42 44.89,+42 50 44.3
478,02 39 31.62,+42 36 14.3,-0.05,0.01,0.27,0.29,16.1,0.51,0.67,45,02 42 45.25,+42 48 58.7
479,02 39 31.64,+42 28 40.8,-0.13,0.51,0.2,0.09,15.36,0.78,0.86,0,02 42 45.09,+42 41 25.2
480,02 39 31.66,+42 41 17.0,-0.96,-0.47,0.05,0.03,14.23,     ,     ,0,02 42 45.40,+42 54 01.4
481,02 39 31.69,+42 32 29.4,0.13,1.52,0.14,0.23,14.96,     ,     ,0,02 42 45.23,+42 45 13.8
482,02 39 31.74,+42 39 22.0,0.04,0.02,0.23,0.19,15.36,1.11,0.99,75,02 42 45.44,+42 52 06.4
483,02 39 31.81,+42 29 16.8,0.07,0.06,0.03,0.02,11.33,0.33,0.22,99,02 42 45.27,+42 42 01.2
484,02 39 32.50,+42 21 38.6,0.05,-0.04,0.07,0.03,12.25,0.53,0.5,98,02 42 45.79,+42 34 22.9
485,02 39 32.56,+42 39 40.1,0.29,0.07,0.23,0.18,15.91,0.79,0.65,15,02 42 46.27,+42 52 24.4
486,02 39 32.65,+42 47 56.5,-0.14,0.21,0.17,0.24,15.28,     ,     ,0,02 42 46.55,+43 00 40.8
487,02 39 32.99,+42 26 27.7,0.26,0.06,0.11,0.14,15.02,0.9,0.94,1,02 42 46.39,+42 39 12.0
488,02 39 33.21,+42 30 30.4,-0.02,0,0.02,0.02,12.78,0.58,0.52,99,02 42 46.71,+42 43 14.7
489,02 39 34.11,+42 34 59.5,-0.04,-0.06,0.17,0.11,15,0.95,0.96,67,02 42 47.72,+42 47 43.8
490,02 39 34.15,+42 21 49.0,0.01,-0.49,0.02,0.02,13.55,     ,     ,0,02 42 47.45,+42 34 33.3
491,02 39 34.36,+42 28 04.8,0.02,0.01,0.02,0.03,10.57,0.14,0.03,99,02 42 47.81,+42 40 49.1
492,02 39 34.44,+42 25 01.7,-0.4,0.21,0.04,0.03,14.35,     ,     ,0,02 42 47.82,+42 37 45.9
493,02 39 34.54,+42 35 25.2,0.77,0.17,0.17,0.21,15.13,     ,     ,0,02 42 48.16,+42 48 09.4
494,02 39 34.75,+42 33 49.3,-0.2,0.6,0.21,0.2,15.46,0.7,0.55,0,02 42 48.33,+42 46 33.5
495,02 39 35.63,+42 32 19.6,0.21,0.07,0.55,0.35,16.53,0.9,0.76,26,02 42 49.18,+42 45 03.8
496,02 39 35.92,+42 41 49.1,-0.15,0.29,0.07,0.05,14.56,0.93,0.85,0,02 42 49.69,+42 54 33.3
497,02 39 36.37,+42 32 19.9,0.03,0.23,0.65,0.32,16.46,0.82,0.62,18,02 42 49.92,+42 45 04.1
498,02 39 36.80,+42 26 15.1,0.58,0.05,0.21,0.2,15.71,     ,     ,0,02 42 50.21,+42 38 59.2
499,02 39 36.88,+42 45 24.5,0.48,0.38,0.09,0.07,14.88,     ,     ,0,02 42 50.74,+42 58 08.6
500,02 39 36.88,+42 31 38.0,0.64,0.87,0.22,0.16,15.58,     ,     ,0,02 42 50.42,+42 44 22.1
501,02 39 37.19,+42 38 59.4,0.02,0.64,0.26,0.35,15.67,0.71,0.61,0,02 42 50.90,+42 51 43.5
502,02 39 37.41,+42 22 10.7,0.06,0.06,0.04,0.03,11.23,0.33,0.23,99,02 42 50.73,+42 34 54.8
503,02 39 37.72,+42 35 09.2,0.01,-0.01,0.01,0.02,12.9,0.69,0.68,99,02 42 51.34,+42 47 53.3
504,02 39 37.84,+42 30 45.4,-0.08,0.05,0.01,0.03,11.75,0.44,0.37,97,02 42 51.36,+42 43 29.5
505,02 39 38.08,+42 33 05.1,-0.13,-0.02,0.07,0.06,14.76,0.62,0.48,36,02 42 51.65,+42 45 49.2
506,02 39 38.21,+42 30 15.8,0.35,0.51,0.22,0.28,16.11,     ,     ,0,02 42 51.72,+42 42 59.9
507,02 39 38.41,+42 21 29.0,1.09,0.21,0.01,0.03,12.26,     ,     ,0,02 42 51.72,+42 34 13.1
508,02 39 38.55,+42 39 53.8,0.71,0.36,0.19,0.15,15.43,     ,     ,0,02 42 52.29,+42 52 37.8
509,02 39 38.82,+42 43 53.5,0.13,0.34,0.23,0.18,15.08,0.95,0.87,0,02 42 52.65,+42 56 37.5
510,02 39 38.88,+42 29 49.5,-0.28,-0.24,0.36,0.12,16.23,1.06,1.27,8,02 42 52.38,+42 42 33.5
511,02 39 39.35,+42 21 09.5,0.2,0.08,0.03,0.03,11.69,0.36,0.25,23,02 42 52.65,+42 33 53.5
512,02 39 40.26,+42 31 22.8,0.39,0.67,0.19,0.16,15.06,     ,     ,0,02 42 53.80,+42 44 06.8
513,02 39 40.61,+42 24 54.9,-0.08,-0.05,0.07,0.05,14.47,0.96,1,39,02 42 54.00,+42 37 38.9
514,02 39 41.02,+42 39 44.9,-0.1,-0.46,0.29,0.25,16.16,0.75,0.73,3,02 42 54.76,+42 52 28.8
515,02 39 41.12,+42 28 27.6,0.02,0.04,0.02,0.01,13.28,0.63,0.6,98,02 42 54.60,+42 41 11.5
516,02 39 41.47,+42 33 07.3,0.1,0.16,0.13,0.19,15.98,1.06,1.29,27,02 42 55.06,+42 45 51.2
517,02 39 42.28,+42 29 29.5,-0.01,0.16,0.01,0.04,13.34,0.74,0.67,3,02 42 55.79,+42 42 13.4
518,02 39 42.49,+42 36 24.9,0.35,0.1,0.02,0.03,10.85,     ,     ,0,02 42 56.16,+42 49 08.8
519,02 39 42.61,+42 39 14.6,2.25,-0.14,0.35,0.25,16.28,     ,     ,0,02 42 56.34,+42 51 58.5
520,02 39 43.08,+42 21 32.9,-0.24,1.33,0.02,0.01,13.01,     ,     ,0,02 42 56.40,+42 34 16.7
521,02 39 43.15,+42 43 08.7,0.66,0.94,0.07,0.04,14.43,     ,     ,0,02 42 56.98,+42 55 52.5
522,02 39 43.54,+42 22 38.8,-0.25,-0.27,0.09,0.1,14.4,0.89,0.86,0,02 42 56.89,+42 35 22.6
523,02 39 43.66,+42 37 52.0,0.44,0.29,0.13,0.22,15.71,     ,     ,0,02 42 57.37,+42 50 35.8
524,02 39 43.93,+42 45 20.8,0.32,-0.12,0.15,0.17,14.85,0.94,0.89,0,02 42 57.81,+42 58 04.6
525,02 39 43.95,+42 24 58.2,0.24,-0.03,0.02,0.02,13.09,0.62,0.55,0,02 42 57.36,+42 37 42.0
526,02 39 44.33,+42 21 57.2,0,0.63,0.03,0.02,13.18,     ,     ,0,02 42 57.67,+42 34 41.0
527,02 39 44.36,+42 29 03.7,-0.25,-0.62,0.27,0.23,16.53,     ,     ,0,02 42 57.86,+42 41 47.5
528,02 39 44.44,+42 37 03.1,0.09,0.14,0.18,0.2,15.73,     ,     ,30,02 42 58.13,+42 49 46.9
529,02 39 44.67,+42 24 49.6,0.61,-0.07,0.07,0.07,15.16,     ,     ,0,02 42 58.08,+42 37 33.4
530,02 39 44.84,+42 44 55.5,0.29,0.55,0.22,0.36,16.22,0.96,0.96,0,02 42 58.71,+42 57 39.2
531,02 39 44.92,+42 46 40.5,-0.78,0.46,0.07,0.06,14.76,     ,     ,0,02 42 58.84,+42 59 24.2
532,02 39 45.00,+42 32 32.4,0,0.03,0.03,0.02,13.5,0.76,0.66,97,02 42 58.59,+42 45 16.1
533,02 39 45.77,+42 41 00.0,0.09,0.05,0.03,0.04,11.35,     ,     ,99,02 42 59.56,+42 53 43.7
534,02 39 45.87,+42 35 40.7,0,-0.17,0.29,0.29,15.8,     ,     ,43,02 42 59.53,+42 48 24.4
535,02 39 45.99,+42 21 09.6,0.29,0.06,0.05,0.03,13.92,0.54,0.52,0,02 42 59.31,+42 33 53.3
536,02 39 46.04,+42 45 18.6,0.08,-0.03,0.18,0.14,15.67,1,1.21,47,02 42 59.93,+42 58 02.3
537,02 39 46.10,+42 27 52.4,0.21,0.63,0.01,0.03,12.38,     ,     ,0,02 42 59.58,+42 40 36.1
538,02 39 46.21,+42 21 13.3,-0.06,0.27,0.39,0.29,15.49,0.64,0.55,0,02 42 59.54,+42 33 57.0
539,02 39 46.26,+42 20 31.4,0,0.33,0.21,0.13,15.69,1.09,1.19,6,02 42 59.57,+42 33 15.1
540,02 39 46.49,+42 46 32.9,-0.07,-0.02,0.27,0.27,15.41,0.61,0.69,63,02 43 00.41,+42 59 16.6
541,02 39 46.56,+42 22 19.2,0.46,0.35,0.22,0.1,15.22,0.64,0.65,0,02 42 59.91,+42 35 02.9
542,02 39 46.64,+42 39 41.6,-0.13,0.72,0.03,0.02,13.87,     ,     ,0,02 43 00.40,+42 52 25.3
543,02 39 47.03,+42 18 56.2,0.72,0.04,0.22,0.3,16.01,     ,     ,0,02 43 00.31,+42 31 39.9
544,02 39 47.06,+42 28 22.3,-0.43,0.27,0.11,0.09,14.7,     ,     ,0,02 43 00.56,+42 41 06.0
545,02 39 47.06,+42 40 57.2,-0.25,0.49,0.06,0.07,14.19,     ,     ,0,02 43 00.85,+42 53 40.8
546,02 39 47.15,+42 27 16.2,0.01,0.03,0.02,0.02,11.87,0.5,0.46,99,02 43 00.62,+42 39 59.8
547,02 39 47.82,+42 25 07.6,0.81,0.77,0.38,0.21,16.39,0.83,0.85,0,02 43 01.24,+42 37 51.2
548,02 39 48.04,+42 27 30.8,-0.02,0,0.02,0.02,12.91,0.58,0.55,99,02 43 01.52,+42 40 14.4
549,02 39 48.19,+42 25 52.8,0.31,0.04,0.04,0.09,15.22,0.98,0.97,0,02 43 01.63,+42 38 36.4
550,02 39 48.53,+42 19 29.3,2.22,-0.49,0.02,0.02,12.76,     ,     ,0,02 43 01.82,+42 32 12.9
551,02 39 48.59,+42 22 13.4,-0.09,0.68,0.36,0.13,15.63,0.6,0.62,0,02 43 01.95,+42 34 57.0
552,02 39 48.77,+42 34 59.7,-0.6,-0.05,0.02,0.02,12.94,     ,     ,0,02 43 02.43,+42 47 43.3
553,02 39 48.77,+42 21 49.1,0.62,0.39,0.21,0.11,15.25,     ,     ,0,02 43 02.12,+42 34 32.7
554,02 39 49.79,+42 39 11.7,-0.39,0.39,0.42,0.3,15.92,     ,     ,0,02 43 03.55,+42 51 55.2
555,02 39 49.87,+42 28 23.0,0.13,0.83,0.03,0.01,12.39,     ,     ,0,02 43 03.38,+42 41 06.5
556,02 39 50.35,+42 29 31.8,0.03,0.01,0.01,0.02,13.21,0.63,0.6,99,02 43 03.88,+42 42 15.3
557,02 39 51.86,+42 34 14.1,0.77,0.61,0.14,0.12,15.12,     ,     ,0,02 43 05.51,+42 46 57.5
558,02 39 52.34,+42 45 08.4,-0.03,0.72,0.23,0.29,15.52,0.48,0.65,0,02 43 06.25,+42 57 51.8
559,02 39 53.37,+42 19 34.5,0.2,0.28,0.04,0.05,14.13,0.59,0.59,0,02 43 06.68,+42 32 17.9
560,02 39 53.54,+42 41 53.2,0.03,0.35,0.18,0.29,15.82,1.23,1.13,4,02 43 07.37,+42 54 36.5
561,02 39 53.58,+42 35 04.2,0.13,0.7,0.03,0.02,12.65,     ,     ,0,02 43 07.25,+42 47 47.5
562,02 39 53.74,+42 44 10.2,0.35,0.02,0.17,0.15,15.01,0.75,0.72,0,02 43 07.63,+42 56 53.5
563,02 39 54.43,+42 41 49.5,-0.45,0.24,0.63,0.21,15.62,1.03,0.93,0,02 43 08.26,+42 54 32.8
564,02 39 54.49,+42 37 03.8,-0.44,0.87,0.08,0.08,14.2,     ,     ,0,02 43 08.21,+42 49 47.1
565,02 39 54.75,+42 21 44.2,0.41,0.14,0.1,0.05,14.48,     ,     ,0,02 43 08.12,+42 34 27.5
566,02 39 55.75,+42 22 47.3,-0.46,0.36,0.1,0.11,14.4,     ,     ,0,02 43 09.15,+42 35 30.5
567,02 39 55.93,+42 41 21.7,0.25,0.02,0.15,0.17,15.15,1.02,0.97,2,02 43 09.76,+42 54 04.9
568,02 39 55.96,+42 41 56.9,-0.01,0.63,0.17,0.15,14.98,0.6,0.4,0,02 43 09.80,+42 54 40.1
569,02 39 56.19,+42 34 02.8,0.36,0.06,0.05,0.06,14.64,     ,     ,0,02 43 09.85,+42 46 46.0
570,02 39 56.40,+42 41 50.5,-0.02,0.07,0.14,0.14,14.74,0.95,0.86,72,02 43 10.24,+42 54 33.7
571,02 39 56.43,+42 26 20.0,1.77,-2.22,0.14,0.12,14.92,     ,     ,0,02 43 09.91,+42 39 03.2
572,02 39 56.59,+42 23 39.8,0.25,0.49,0.02,0.03,13.25,     ,     ,0,02 43 10.01,+42 36 23.0
573,02 39 56.61,+42 21 49.0,-0.22,0.15,0.02,0.03,12.07,     ,     ,0,02 43 09.99,+42 34 32.2
574,02 39 56.62,+42 24 53.2,0.78,0.15,0.03,0.03,14.24,     ,     ,0,02 43 10.07,+42 37 36.4
575,02 39 56.97,+42 21 47.1,0.78,0.28,0.89,0.46,15.73,     ,     ,0,02 43 10.35,+42 34 30.3
576,02 39 57.03,+42 31 06.1,0.47,0.62,0.51,0.22,16.25,     ,     ,0,02 43 10.62,+42 43 49.3
577,02 39 57.83,+42 29 15.6,0.07,0.34,0.04,0.03,13.75,     ,     ,0,02 43 11.38,+42 41 58.7
578,02 39 58.11,+42 36 50.1,0.49,0.21,0.05,0.07,14.71,     ,     ,0,02 43 11.84,+42 49 33.2
579,02 39 58.87,+42 34 52.6,0.41,0.31,0.32,0.38,15.8,     ,     ,0,02 43 12.56,+42 47 35.7
580,02 39 58.91,+42 32 03.6,0.28,0.26,0.2,0.17,15.55,     ,     ,4,02 43 12.53,+42 44 46.7
581,02 39 59.16,+42 24 24.5,0.21,0.23,0.05,0.05,14.34,     ,     ,0,02 43 12.60,+42 37 07.6
582,02 39 59.33,+42 37 43.1,0.56,0.63,0.33,0.13,16.15,     ,     ,0,02 43 13.09,+42 50 26.2
583,02 39 59.37,+42 42 51.0,1.08,0.23,0.23,0.09,15.15,     ,     ,0,02 43 13.25,+42 55 34.1
584,02 39 59.51,+42 23 38.4,0.53,0.6,0.01,0.03,11.94,     ,     ,0,02 43 12.94,+42 36 21.5
585,02 39 59.61,+42 45 28.6,-2.58,-2.29,0.05,0.04,14.17,     ,     ,0,02 43 13.55,+42 58 11.6
586,02 40 01.11,+42 27 56.8,0.69,0.33,0.07,0.07,15.18,     ,     ,0,02 43 14.64,+42 40 39.8
587,02 40 01.24,+42 33 23.0,0.02,0.7,0.04,0.02,13.85,     ,     ,0,02 43 14.90,+42 46 06.0
588,02 40 01.71,+42 44 26.0,0.16,0.06,0.03,0.02,10.91,     ,     ,94,02 43 15.63,+42 57 08.9
589,02 40 02.34,+42 40 24.0,0.15,0.98,0.06,0.06,14.68,1.01,0.9,0,02 43 16.17,+42 53 06.9
590,02 40 02.59,+42 42 41.0,0,0.53,0.06,0.04,14.14,0.77,0.69,0,02 43 16.47,+42 55 23.9
591,02 40 03.22,+42 38 11.9,0.1,0,0.03,0.02,10.69,     ,     ,99,02 43 17.00,+42 50 54.8
592,02 40 03.28,+42 36 29.8,-0.13,-0.15,0.18,0.13,14.85,0.82,0.73,5,02 43 17.02,+42 49 12.7
593,02 40 03.35,+42 24 16.5,0.51,0.61,0.23,0.26,15.65,     ,     ,0,02 43 16.81,+42 36 59.4
594,02 40 04.34,+42 33 55.3,0.05,0.05,0.05,0.05,13.87,0.78,0.68,94,02 43 18.02,+42 46 38.1
595,02 40 05.13,+42 30 31.8,0.72,1.12,0.41,0.11,15.91,     ,     ,0,02 43 18.74,+42 43 14.6
596,02 40 05.30,+42 30 46.7,0.13,0,0.03,0.04,11.56,     ,     ,96,02 43 18.91,+42 43 29.5
597,02 40 05.33,+42 34 43.5,0.23,1.11,0.03,0.03,10.57,0.52,0.47,0,02 43 19.04,+42 47 26.3
598,02 40 07.05,+42 44 06.9,3.54,-1.39,0.25,0.15,15.37,     ,     ,0,02 43 20.98,+42 56 49.6
599,02 40 07.19,+42 41 02.2,1.05,0.36,0.03,0.02,13.28,     ,     ,0,02 43 21.05,+42 53 44.9
600,02 40 07.38,+42 36 14.5,0.04,-0.3,0.29,0.25,15.99,     ,     ,24,02 43 21.13,+42 48 57.2
601,02 40 07.89,+42 41 53.9,0.21,0.18,0.05,0.08,14.03,1.12,0.96,0,02 43 21.77,+42 54 36.6
602,02 40 09.51,+42 42 16.8,0.86,0.78,0.09,0.21,15.74,     ,     ,0,02 43 23.41,+42 54 59.4
603,02 40 09.57,+42 42 33.5,0,0.03,0.02,0.01,12.57,0.56,0.53,99,02 43 23.47,+42 55 16.1
604,02 40 11.47,+42 30 21.3,0.09,0.02,0.02,0.02,13.19,0.64,0.56,90,02 43 25.09,+42 43 03.8
605,02 40 11.52,+42 43 12.9,0.13,0.26,0.04,0.02,13.03,     ,     ,0,02 43 25.45,+42 55 55.4
606,02 40 11.82,+42 39 47.2,0.05,0.5,0.02,0.03,13.18,0.27,0.11,0,02 43 25.67,+42 52 29.7
607,02 40 12.04,+42 37 26.1,0.19,-0.15,0.15,0.3,15.57,0.65,0.68,32,02 43 25.83,+42 50 08.6
608,02 40 12.20,+42 39 38.1,0.46,0.31,0.48,0.28,16.2,0.83,0.67,0,02 43 26.04,+42 52 20.6
609,02 40 13.17,+42 33 04.5,0.08,0.31,0.19,0.12,15.56,     ,     ,7,02 43 26.86,+42 45 46.9
610,02 40 13.34,+42 35 55.4,1.76,-0.09,0.26,0.14,15.91,     ,     ,0,02 43 27.10,+42 48 37.8
611,02 40 14.64,+42 32 35.3,1.96,0.7,0.36,0.27,16.23,     ,     ,0,02 43 28.33,+42 45 17.6
612,02 40 16.39,+42 40 21.1,0.21,-0.07,0.18,0.14,14.88,0.93,0.95,2,02 43 30.27,+42 53 03.4
613,02 40 16.62,+42 38 04.0,-0.33,0.59,0.04,0.05,13.49,     ,     ,0,02 43 30.44,+42 50 46.2
614,02 40 16.90,+42 35 04.9,0.41,0.32,0.05,0.04,11.5,     ,     ,0,02 43 30.65,+42 47 47.1
615,02 40 17.22,+42 35 56.0,0.56,0.77,0.26,0.17,15.14,     ,     ,0,02 43 30.99,+42 48 38.2
616,02 40 17.78,+42 25 16.4,0.53,0.2,0.31,0.32,15.84,     ,     ,0,02 43 31.31,+42 37 58.6
617,02 40 17.96,+42 25 46.0,0.32,0.26,0.3,0.3,15.6,0.96,0.81,3,02 43 31.50,+42 38 28.2
618,02 40 18.41,+42 25 50.1,0.16,0,0.1,0.06,13.57,0.76,0.73,8,02 43 31.95,+42 38 32.3
619,02 40 19.23,+42 29 44.1,0.27,0.19,0.2,0.14,14.91,0.96,0.86,0,02 43 32.87,+42 42 26.2
620,02 40 20.06,+42 37 37.1,0.22,0.59,0.1,0.12,15.56,     ,     ,0,02 43 33.88,+42 50 19.2
621,02 40 20.46,+42 28 16.9,0.6,0.46,0.24,0.21,16,     ,     ,0,02 43 34.07,+42 40 59.0
622,02 40 21.10,+42 30 23.9,0.53,-0.74,0.1,0.08,12.69,     ,     ,0,02 43 34.76,+42 43 05.9
623,02 40 21.98,+42 33 00.6,0.59,0.16,0.16,0.21,15.68,     ,     ,0,02 43 35.70,+42 45 42.6
624,02 40 22.24,+42 35 39.6,1.27,-0.31,0.45,0.27,15.74,     ,     ,0,02 43 36.03,+42 48 21.6
625,02 40 23.00,+42 36 01.9,0.01,-0.09,0.08,0.08,13.99,0.8,0.69,89,02 43 36.80,+42 48 43.8
626,02 40 23.50,+42 27 59.3,0.67,0.72,0.11,0.28,16.03,     ,     ,0,02 43 37.11,+42 40 41.2
627,02 40 24.16,+42 29 43.8,0.39,0.71,0.21,0.24,15.49,     ,     ,0,02 43 37.81,+42 42 25.7
628,02 40 24.72,+42 28 03.5,0.46,0.47,0.25,0.22,15.23,     ,     ,0,02 43 38.34,+42 40 45.4
629,02 40 25.27,+42 34 13.5,-0.16,0.22,0.05,0.07,13.89,     ,     ,0,02 43 39.03,+42 46 55.3
630,02 40 26.43,+42 31 15.8,0.02,0.45,0.18,0.11,14.92,     ,     ,0,02 43 40.13,+42 43 57.6
